Wall time,Step,Value
1572679248.3571572,0,-167.09857177734375
