Wall time,Step,Value
1572679248.354165,0,-47.913387298583984
